Government Regions,Breed Type,Sex,January,,,February,,,March,,,April,,May,,June,,July,,August,,September,,October,,November,,December,,Totals to Date,,
,,,2010,2011,2012,2010,2011,2012,2010,2011,2012,2010,2011,2010,2011,2010,2011,2010,2011,2010,2011,2010,2011,2010,2011,2010,2011,2010,2011,2010,2011,2012
East Midland,Dairy,F,"1,505","1,520","1,543","1,520","1,522","1,640","1,491","1,628","1,662","1,413","1,519","1,445","1,496","1,700","1,735","2,103","1,947","2,421","2,565","2,636","2,251","2,185","2,262","2,015","2,059","1,889","1,791","22,323","22,295","4,845"
,,M,"1,222","1,072","1,171","1,215","1,177","1,339","1,242","1,340","1,420","1,189","1,169","1,167","1,149","1,514","1,389","1,776","1,609","1,930","2,018","1,995","1,826","1,639","1,741","1,348","1,578","1,235","1,439","17,472","17,507","3,930"
,Non Dairy,F,"2,128","2,249","2,169","2,968","2,876","3,455","5,790","5,873","6,356","6,308","6,805","5,066","5,268","3,525","3,518","3,254","3,001","2,721","2,401","2,348","2,180","2,188","2,070","1,941","1,926","1,753","1,766","39,990","39,933","11,980"
,,M,"2,086","2,199","2,160","2,912","2,952","3,465","5,873","5,870","6,480","6,557","6,929","5,100","5,314","3,631","3,687","3,412","3,237","2,754","2,578","2,428","2,313","2,263","2,191","2,006","2,013","1,899","1,852","40,921","41,135","12,105"
East Midlands/Yorkshire and the Humber,Dairy,F,169,173,163,94,133,117,131,134,162,96,89,83,93,105,82,179,176,193,264,260,234,194,219,197,200,188,207,"1,889","2,004",442
,,M,120,135,142,118,123,145,128,142,128,95,66,58,104,107,94,154,147,178,236,215,204,199,208,156,193,163,177,"1,691","1,829",415
,Non Dairy,F,770,785,773,"1,222","1,373","1,532","2,110","2,254","2,223","1,756","1,624",892,943,545,551,464,397,368,352,384,399,482,450,490,569,596,577,"10,079","10,274","4,528"
,,M,737,730,801,"1,205","1,334","1,494","2,231","2,246","2,195","1,756","1,658",925,966,546,521,442,365,362,351,448,410,444,505,502,589,591,541,"10,189","10,216","4,490"
Eastern,Dairy,F,512,485,486,432,393,440,466,448,387,470,355,439,405,451,377,591,541,744,610,821,653,707,645,658,536,588,481,"6,879","5,929","1,313"
,,M,457,429,412,373,340,378,441,369,372,391,309,402,403,374,382,525,447,682,508,615,583,601,528,527,426,496,396,"5,884","5,120","1,162"
,Non Dairy,F,"1,391","1,474","1,421","1,975","2,006","2,401","4,077","4,120","4,124","3,770","3,921","2,575","2,478","1,499","1,619","1,141","1,138","1,028",997,"1,093","1,120","1,099","1,030",932,994,"1,116","1,114","21,696","22,011","7,946"
,,M,"1,385","1,443","1,440","2,147","2,060","2,464","4,132","4,226","4,174","4,059","4,160","2,685","2,564","1,550","1,620","1,236","1,232","1,043","1,008","1,088","1,135","1,114","1,062",948,922,"1,061","1,123","22,448","22,555","8,078"
North East,Dairy,F,264,332,353,312,311,360,332,335,343,324,316,301,299,274,313,375,317,385,417,383,356,331,364,401,319,347,325,"4,029","4,004","1,056"
,,M,225,220,277,211,260,316,294,278,277,251,253,232,239,255,238,304,265,366,291,306,273,275,313,286,295,266,232,"3,271","3,157",870
,Non Dairy,F,"1,595","1,570","1,547","1,919","1,794","2,096","5,834","5,543","6,235","7,348","7,731","5,463","5,408","2,921","2,923","2,069","2,335","2,199","1,789","2,512","2,095","1,987","1,991","1,315","1,659","1,423","1,289","36,585","36,127","9,878"
,,M,"1,507","1,613","1,561","1,760","1,717","2,043","5,665","5,473","6,113","7,383","7,800","5,570","5,545","3,026","3,027","2,129","2,359","2,114","2,000","2,620","2,175","2,057","2,016","1,394","1,597","1,336","1,290","36,561","36,612","9,717"
North West,Dairy,F,"5,693","6,004","6,176","6,320","6,436","7,457","6,554","6,986","7,280","6,019","6,177","5,750","5,954","6,809","6,700","7,897","8,258","8,618","9,109","8,685","8,080","7,190","7,714","7,002","7,276","6,250","6,282","82,787","84,976","20,913"
,,M,"4,885","4,618","4,897","5,373","5,100","6,129","5,818","5,627","6,423","5,072","5,259","5,156","5,172","6,022","5,604","6,937","7,084","7,296","7,691","7,016","6,643","5,854","6,529","5,332","5,936","4,559","5,247","69,320","70,510","17,449"
,Non Dairy,F,"4,402","4,333","4,332","4,839","4,509","5,380","8,519","8,622","9,146","11,749","12,044","11,720","11,624","8,887","8,484","7,589","8,013","6,561","6,732","5,851","5,292","4,915","4,876","4,295","4,702","4,049","4,084","83,376","83,315","18,858"
,,M,"4,486","4,542","4,772","5,043","4,774","5,579","8,840","8,768","9,303","11,962","12,612","12,152","12,100","9,431","8,769","8,027","8,248","6,980","7,135","6,169","5,698","5,309","5,313","4,520","5,015","4,273","4,477","87,192","87,451","19,654"
Scotland,Dairy,F,"4,248","4,347","4,422","4,381","4,701","5,448","4,980","5,314","5,381","4,079","4,331","3,877","4,138","4,070","4,114","4,671","4,821","5,031","5,273","5,088","4,792","4,674","5,231","4,593","5,040","4,298","4,502","53,990","56,604","15,251"
,,M,"3,277","2,892","3,531","3,360","2,966","4,115","3,973","3,808","4,400","3,463","3,405","3,157","3,078","3,375","3,323","3,673","3,909","3,856","4,368","3,690","3,949","3,264","4,047","3,152","3,705","2,725","3,383","40,965","42,833","12,046"
,Non Dairy,F,"7,601","7,762","7,464","11,780","11,460","13,478","39,493","39,124","41,724","51,104","54,073","38,501","39,036","20,486","20,302","12,941","13,832","13,088","12,718","14,104","12,779","10,929","11,052","9,512","10,184","6,251","5,827","235,790","238,149","62,666"
,,M,"7,714","7,799","7,567","11,280","11,059","13,251","38,965","38,661","41,693","52,888","55,677","40,580","41,224","21,425","21,361","13,607","14,479","13,315","13,145","14,682","13,438","11,391","11,401","9,710","10,376","6,542","5,930","242,099","244,550","62,511"
South East,Dairy,F,"1,174","1,246","1,155","1,330","1,414","1,459","1,152","1,221","1,216",996,"1,049","1,126","1,012","1,166","1,175","1,758","1,545","3,297","3,110","3,823","3,514","2,309","2,261","1,984","1,696","1,436","1,305","21,551","20,548","3,830"
,,M,"1,017","1,020",921,"1,174","1,054","1,262","1,009","1,045","1,018",882,826,941,782,942,"1,003","1,325","1,231","2,585","2,613","3,341","3,147","1,970","2,003","1,604","1,425","1,132","1,060","17,922","17,209","3,201"
,Non Dairy,F,"2,390","2,272","2,541","4,152","3,958","4,615","8,549","8,479","8,552","8,034","8,134","5,477","5,324","3,019","2,778","2,584","2,359","2,922","2,788","3,084","2,949","2,759","3,052","2,352","2,467","2,204","2,020","47,526","46,580","15,708"
,,M,"2,250","2,309","2,500","4,092","3,992","4,697","8,795","8,737","8,874","8,279","8,426","5,657","5,637","3,368","3,147","2,708","2,510","2,990","2,788","3,119","2,973","2,869","3,251","2,523","2,537","2,298","2,151","48,948","48,458","16,071"
South West,Dairy,F,"8,833","9,025","9,150","11,341","12,136","12,987","11,271","11,757","12,014","9,199","9,454","8,465","8,607","8,866","8,691","10,603","10,393","13,783","13,683","14,179","13,264","12,251","12,676","11,027","11,085","9,856","9,257","129,674","130,028","34,151"
,,M,"6,968","6,444","6,937","8,890","8,557","10,702","9,470","8,922","10,130","7,738","7,386","7,122","6,837","7,545","6,822","8,923","8,268","10,752","10,913","11,145","10,733","9,265","9,880","8,281","8,701","6,918","7,307","103,017","100,770","27,769"
,Non Dairy,F,"8,177","8,065","8,504","10,469","10,605","11,939","20,580","20,957","22,650","25,338","25,721","19,926","20,645","14,079","13,885","12,551","12,281","11,622","11,546","11,137","10,649","9,867","10,284","8,587","8,947","7,771","7,610","160,104","161,195","43,093"
,,M,"8,356","8,554","8,979","10,591","11,089","12,460","21,231","21,788","23,368","26,317","26,786","20,469","21,921","14,902","14,519","13,427","12,929","12,197","12,059","12,003","11,111","10,166","11,107","8,827","9,574","8,172","8,121","166,658","169,558","44,807"
Wales,Dairy,F,"4,679","4,809","4,991","7,411","7,623","8,797","6,553","7,135","7,167","5,391","5,570","4,545","4,730","4,547","4,617","4,998","5,165","6,428","6,494","6,663","6,384","5,843","6,230","5,296","5,551","4,655","4,974","67,009","69,282","20,955"
,,M,"3,441","3,278","3,915","5,471","5,324","7,188","4,944","5,180","6,125","4,231","4,282","3,826","4,073","3,707","3,843","4,121","4,211","5,002","5,152","5,143","5,315","4,312","4,951","3,992","4,599","3,224","3,962","51,414","54,170","17,228"
,Non Dairy,F,"5,557","5,264","5,408","6,182","6,002","6,792","11,733","12,272","13,126","18,702","19,942","18,686","19,024","13,200","13,227","9,994","10,702","8,561","8,315","7,626","6,962","6,827","6,844","5,333","6,127","5,083","5,601","117,484","120,282","25,326"
,,M,"5,792","5,686","5,642","6,342","6,061","6,966","12,106","12,034","13,548","19,406","20,019","19,561","19,658","13,840","13,735","10,323","10,970","8,931","8,763","8,152","7,414","7,116","7,154","5,455","6,269","5,446","5,450","122,470","123,213","26,156"
West Midlands,Dairy,F,"3,477","3,583","3,685","4,297","4,890","5,184","4,314","4,298","4,680","3,614","3,761","3,142","3,317","3,509","3,306","3,959","4,002","4,553","4,759","4,889","4,354","4,405","4,580","4,145","4,146","3,709","3,713","48,013","48,709","13,549"
,,M,"2,823","2,367","2,878","3,140","3,149","3,711","3,317","2,996","3,832","2,895","2,742","2,742","2,624","2,805","2,601","3,275","3,113","3,389","3,593","3,690","3,406","3,094","3,534","2,878","3,340","2,475","2,948","36,523","36,413","10,421"
,Non Dairy,F,"3,912","3,829","4,025","5,113","4,994","5,800","9,788","9,718","10,220","10,712","10,933","8,331","8,641","6,396","6,373","5,630","5,316","4,663","4,577","4,795","4,523","4,211","4,159","3,567","3,760","3,472","3,653","70,590","70,476","20,045"
,,M,"4,178","3,893","4,196","5,016","5,113","5,842","9,923","10,276","10,479","10,988","11,217","8,781","9,088","6,751","6,665","5,912","5,570","4,975","4,827","4,931","4,789","4,296","4,567","3,752","4,033","3,433","3,703","72,936","73,741","20,517"
Yorkshire and the Humber,Dairy,F,"1,825","1,990","1,920","1,697","1,751","1,853","2,052","2,054","2,011","1,910","1,976","1,874","1,937","2,206","2,124","2,722","2,541","2,887","2,665","2,819","2,553","2,422","2,561","2,308","2,196","2,121","2,192","26,843","26,540","5,784"
,,M,"1,638","1,490","1,566","1,524","1,501","1,488","1,829","1,686","1,778","1,628","1,658","1,702","1,643","1,870","1,780","2,343","2,197","2,501","2,227","2,354","2,137","1,962","2,102","1,835","1,889","1,665","1,722","22,851","22,032","4,832"
,Non Dairy,F,"2,969","3,220","3,146","3,725","4,024","4,537","7,697","7,750","7,884","8,617","8,864","7,061","6,972","4,601","4,642","3,819","3,674","3,224","2,949","2,896","2,639","2,594","2,594","2,575","2,533","2,571","2,473","52,349","52,334","15,567"
,,M,"3,040","3,181","3,210","3,729","3,870","4,502","7,834","7,783","7,854","8,971","9,172","7,174","7,203","4,843","4,838","3,958","3,954","3,144","3,003","3,014","2,911","2,759","2,792","2,659","2,615","2,529","2,687","53,654","54,009","15,566"
,,,,,,,,,,,,,,,,,,,,,,,,,,,,,,,,
,,,,,,,,,,,,,,,,,,,,,,,,,,,,,,,,
Breed,Breed Type,Sex,January,,,February,,,March,,,April,,May,,June,,July,,August,,September,,October,,November,,December,,Totals to Date,,
,,,2010,2011,2012,2010,2011,2012,2010,2011,2012,2010,2011,2010,2011,2010,2011,2010,2011,2010,2011,2010,2011,2010,2011,2010,2011,2010,2011,2010,2011,2012
 ABERDEEN ANGUS , Non Dairy , F ,"1,002","1,051","1,086","1,572","1,569","2,075","3,855","4,049","4,175","4,920","5,065","3,326","3,703","2,067","2,091","1,445","1,533","1,165","1,213","1,034","1,131",941,953,811,961,720,641,"22,858","23,960","7,336"
,, M ,996,"1,036","1,127","1,576","1,649","2,140","4,107","4,198","4,396","5,075","5,502","3,596","3,951","2,226","2,274","1,547","1,579","1,332","1,337","1,167","1,148",956,"1,073",866,"1,017",825,741,"24,269","25,505","7,663"
 ABERDEEN ANGUS X , Non Dairy , F ,"4,448","4,694","5,275","6,615","6,547","8,116","13,853","14,415","15,540","15,476","16,763","12,534","13,483","7,804","8,261","6,519","7,125","6,531","6,837","6,520","6,349","5,558","6,333","5,331","5,701","4,500","4,669","95,689","101,177","28,931"
,, M ,"4,530","5,049","5,561","6,620","6,949","8,613","14,371","15,038","16,390","16,424","17,545","13,211","14,443","8,336","8,920","7,154","7,631","6,835","7,238","6,856","6,534","5,871","6,566","5,455","6,165","4,714","4,920","100,377","106,998","30,564"
 ANGLER ROTVIEH , Non Dairy , F ,0,0,0,0,0,0,0,1,0,0,0,0,0,0,0,0,0,0,0,0,0,0,0,0,0,0,0,0,1,0
,, M ,0,0,1,0,0,0,0,0,0,1,0,0,0,0,0,0,0,0,0,0,0,0,0,0,0,0,0,1,0,1
 ANGLER ROTVIEH X , Non Dairy , F ,0,0,0,0,0,0,0,0,0,0,0,0,0,0,0,0,0,11,0,25,0,0,0,0,0,0,0,36,0,0
,, M ,1,0,1,0,0,0,0,0,0,0,0,1,1,0,1,1,0,18,0,25,0,0,4,0,0,0,0,46,6,1
 ANKOLE , Non Dairy , F ,0,0,0,0,0,0,0,0,0,0,0,0,0,0,3,0,0,0,0,0,0,0,0,0,0,0,0,0,3,0
,, M ,0,0,0,0,0,0,0,0,0,0,0,0,0,0,2,0,1,0,1,0,0,0,0,0,0,0,0,0,4,0
 ARMORICAINE , Non Dairy , F ,0,0,0,0,0,0,0,0,0,0,0,0,0,0,0,0,0,0,0,0,0,0,0,0,1,0,0,0,1,0
 ARMORICAINE X , Non Dairy , F ,0,0,0,0,1,1,0,0,0,0,0,0,0,0,0,0,0,0,0,0,0,0,0,0,0,0,0,0,1,1
 AUBRAC , Non Dairy , F ,0,0,0,0,0,1,9,10,10,5,7,3,1,1,0,1,0,0,0,0,0,0,0,0,0,0,0,19,18,11
,, M ,0,0,0,0,0,0,6,6,10,1,9,1,1,0,0,0,0,0,0,0,0,0,0,0,0,0,0,8,16,10
 AUBRAC X , Non Dairy , F ,0,0,0,0,0,0,4,0,1,2,0,1,0,0,1,0,0,0,0,0,2,1,2,0,0,0,0,8,5,1
,, M ,0,0,0,0,0,0,4,0,0,3,0,0,1,0,0,1,0,0,0,0,1,0,0,0,3,0,0,8,5,0
 AUSTRALIAN LOWLINE , Dairy , F ,0,0,1,1,2,0,3,1,2,1,1,0,1,0,3,0,1,0,1,1,0,1,0,0,3,1,2,8,15,3
,, M ,0,0,1,0,1,1,0,0,0,1,3,1,1,1,4,1,1,0,2,1,0,0,1,2,1,1,1,8,15,2
 AYRSHIRE , Dairy , F ,517,539,515,550,544,617,750,714,789,670,646,602,616,609,619,714,716,752,774,856,721,690,737,628,691,595,596,"7,933","7,913","1,921"
,, M ,290,189,284,315,200,353,460,348,488,369,367,343,361,394,355,432,436,418,518,524,484,299,422,325,381,281,316,"4,450","4,377","1,125"
 AYRSHIRE X , Dairy , F ,109,139,121,169,219,233,177,199,268,133,184,167,180,126,148,160,120,154,216,201,161,168,114,123,122,102,133,"1,789","1,935",622
,, M ,62,56,58,135,105,188,132,123,159,90,115,69,97,78,80,115,84,93,125,129,111,91,75,59,65,52,66,"1,105","1,102",405
 BALTATA ROMANEASCA , Non Dairy , F ,0,0,0,0,0,0,0,0,0,0,0,0,0,0,1,0,1,0,0,0,0,0,1,0,0,0,0,0,3,0
,, M ,0,0,0,0,0,0,0,0,0,0,0,0,0,0,0,1,1,0,0,0,0,0,0,0,1,0,0,1,2,0
 BAZADAISE , Non Dairy , F ,21,18,13,22,21,9,24,22,17,51,73,44,25,20,27,22,21,18,14,22,13,11,8,8,11,11,8,274,261,39
,, M ,18,17,9,14,16,16,24,24,13,44,68,25,27,21,23,18,22,12,18,16,17,5,16,9,6,10,4,216,258,38
 BAZADAISE X , Non Dairy , F ,89,116,99,111,110,143,189,276,277,287,304,251,272,123,133,113,125,120,71,91,83,73,67,48,74,64,45,"1,559","1,676",519
,, M ,81,107,92,106,104,166,188,260,268,303,299,232,243,156,115,149,143,110,79,87,87,70,72,56,70,63,56,"1,601","1,635",526
 BEEF SHORTHORN , Non Dairy , F ,81,88,78,152,163,196,529,489,653,599,716,370,444,189,224,148,152,104,146,109,104,75,78,46,67,30,52,"2,432","2,723",927
,, M ,94,90,87,153,147,191,517,540,657,629,675,372,496,203,278,120,179,109,135,119,115,68,65,53,58,44,61,"2,481","2,839",935
 BEEF SHORTHORN X , Non Dairy , F ,124,85,167,224,141,320,667,626,812,837,917,570,779,335,372,237,266,216,238,139,174,162,178,119,170,107,111,"3,737","4,057","1,299"
,, M ,103,93,186,184,155,364,635,609,873,767,851,625,820,374,361,238,315,201,233,168,223,148,205,99,162,147,92,"3,689","4,119","1,423"
 BEEFALO , Non Dairy , F ,4,0,0,0,0,0,0,4,1,0,0,2,0,0,0,1,0,1,0,0,0,1,0,0,0,1,0,10,4,1
,, M ,2,0,0,1,0,0,1,3,0,0,1,2,0,1,0,2,0,1,1,1,0,0,0,0,0,0,0,11,5,0
 BELGIAN BLUE X , Non Dairy , F ,0,0,0,2,0,0,1,0,0,1,0,2,0,0,0,0,0,0,0,0,0,0,0,0,0,0,0,6,0,0
,, M ,0,0,0,0,0,0,1,0,0,1,0,2,0,0,0,0,0,0,0,0,0,0,0,0,0,0,0,4,0,0
 BELTED DUTCH , Dairy , M ,0,0,0,0,0,0,0,0,0,0,0,0,0,0,0,0,0,0,1,0,0,0,0,0,0,0,0,0,1,0
 BELTED DUTCH CROSS , Dairy , F ,0,0,0,0,0,0,0,0,0,0,0,0,0,0,0,0,0,0,0,0,1,0,0,0,1,0,0,0,2,0
,, M ,0,0,1,0,0,0,0,0,0,0,0,0,0,0,0,0,0,0,0,0,0,0,2,0,0,0,1,0,3,1
 BELTED GALLOWAY , Non Dairy , F ,58,66,58,58,93,76,133,159,172,206,211,238,229,177,148,106,134,89,89,152,110,96,96,53,86,52,72,"1,418","1,493",306
,, M ,65,79,71,56,85,73,134,156,168,185,195,203,236,148,159,95,152,75,113,145,125,103,120,57,71,57,58,"1,323","1,549",312
 BELTED GALLOWAY X , Non Dairy , F ,27,17,21,29,16,36,41,44,47,79,69,51,64,37,41,29,50,21,59,30,29,27,28,19,17,19,15,409,449,104
,, M ,21,18,24,21,22,46,51,58,58,85,78,70,85,47,44,32,33,32,49,32,25,30,32,23,21,14,18,458,483,128
 BELTED WELSH BLACK , Non Dairy , F ,0,0,0,1,3,10,3,3,8,4,6,5,2,1,7,1,3,2,0,2,3,1,2,2,2,0,1,22,32,18
,, M ,0,0,1,1,4,3,6,3,3,2,8,4,1,4,6,1,2,3,3,1,2,5,1,3,1,0,0,30,31,7
 BELTED WELSH BLACK X , Non Dairy , F ,0,2,1,0,1,5,0,3,1,3,0,0,7,1,1,1,0,0,0,0,0,0,1,0,1,0,0,5,16,7
,, M ,1,0,0,0,0,0,1,1,2,0,3,2,4,1,3,0,0,0,0,0,1,0,0,1,2,0,1,6,15,2
 BISON , Non Dairy , F ,3,1,0,0,0,0,0,0,1,5,8,17,13,9,10,7,2,0,2,1,0,1,0,0,0,0,10,43,46,1
,, M ,4,2,1,0,0,0,0,0,0,11,6,17,19,8,8,5,0,1,0,4,0,0,1,0,0,0,9,50,45,1
 BLONDE D'AQUITAINE , Non Dairy , F ,151,168,143,173,193,153,365,393,370,565,502,490,463,320,288,208,178,160,155,164,171,147,158,142,129,140,112,"3,025","2,910",666
,, M ,157,156,134,169,172,167,316,397,376,502,500,490,471,336,296,196,186,165,149,169,185,145,142,138,99,112,104,"2,895","2,857",677
 BLONDE D'AQUITAINE X , Non Dairy , F ,"1,191","1,106","1,043","1,586","1,449","1,774","4,171","4,013","3,797","4,963","4,988","3,861","3,829","2,566","2,294","1,733","1,623","1,272","1,243","1,370","1,167","1,139","1,109",941,"1,019",903,885,"25,696","24,725","6,614"
,, M ,"1,129","1,076",993,"1,432","1,456","1,706","4,066","3,881","3,802","5,117","5,088","3,831","3,949","2,483","2,318","1,768","1,670","1,281","1,251","1,373","1,172","1,132","1,184",940,973,851,881,"25,403","24,899","6,501"
 BLUE ALBION , Dairy , F ,1,1,1,3,3,1,2,3,0,1,6,7,8,6,4,2,0,0,2,0,2,1,1,3,1,0,1,26,32,2
,, M ,2,0,1,1,2,0,2,3,7,1,0,5,7,6,6,1,4,2,1,0,0,2,1,0,0,0,1,22,25,8
 BLUE ALBION X , Dairy , F ,0,0,4,2,0,17,0,3,3,1,5,3,0,1,4,2,0,0,0,4,0,4,2,2,0,1,3,20,17,24
,, M ,0,0,4,2,0,6,0,1,6,0,3,3,1,1,1,0,0,0,0,0,2,2,1,1,0,0,4,9,13,16
 BLUE GREY , Non Dairy , F ,9,4,7,21,17,21,76,92,100,127,124,144,156,86,84,50,69,49,36,17,35,28,34,25,24,2,14,634,689,128
,, M ,12,1,8,21,11,10,66,106,78,115,126,126,122,70,66,30,59,42,25,15,13,16,31,11,17,3,17,527,594,96
 BLUE GREY X , Non Dairy , F ,14,3,1,23,10,2,15,11,11,18,18,32,23,24,11,15,7,10,8,22,11,2,2,9,12,11,4,195,120,14
,, M ,16,2,6,23,10,3,16,8,7,21,12,27,14,25,11,13,10,10,9,29,3,10,4,14,6,12,5,216,94,16
 BRAHMAN , Non Dairy , F ,0,0,0,1,0,0,0,0,0,0,0,0,0,2,0,1,2,0,0,0,0,0,0,0,0,0,0,4,2,0
 BRAHMAN X , Non Dairy , F ,2,1,1,0,0,0,0,0,1,0,0,0,0,0,0,0,0,2,0,0,0,0,0,0,3,0,0,4,4,2
,, M ,0,0,0,0,0,0,3,0,1,0,0,0,0,0,0,0,1,0,2,0,0,0,0,0,2,0,1,3,6,1
 BRETONNE PIE0NOIRE , Non Dairy , F ,0,0,0,0,0,0,0,0,0,1,0,0,0,0,0,0,0,0,0,0,0,0,0,0,0,0,0,1,0,0
,, M ,0,0,0,0,0,0,1,0,0,0,1,0,0,0,1,0,0,0,0,0,0,0,0,0,0,0,0,1,2,0
 BRITISH BLUE , Non Dairy , F ,511,532,464,583,424,589,758,733,762,888,960,883,780,729,679,686,678,710,561,531,499,533,462,595,595,454,465,"7,861","7,368","1,815"
,, M ,586,548,533,609,476,596,820,735,795,950,963,926,867,821,698,701,717,685,632,610,545,541,564,541,644,505,544,"8,295","7,933","1,924"
 BRITISH BLUE X , Non Dairy , F ,"4,624","4,837","4,906","5,069","5,176","5,858","8,819","8,793","9,455","9,776","10,428","8,761","9,009","6,744","6,728","6,511","6,462","6,044","6,103","5,708","5,518","5,352","5,647","5,011","5,505","4,738","5,057","77,157","79,263","20,219"
,, M ,"4,968","5,303","5,594","5,427","5,471","6,285","9,284","9,337","9,936","10,329","10,961","9,324","9,549","7,357","7,064","6,910","7,264","6,454","6,662","6,120","6,154","5,950","6,489","5,611","6,028","5,220","5,588","82,954","85,870","21,815"
 BRITISH FRIESIAN , Dairy , F ,"3,307","3,404","3,263","4,652","4,967","5,919","5,024","5,040","5,060","4,034","4,032","3,589","3,099","3,584","3,168","4,215","3,709","4,999","4,805","5,581","4,748","4,336","4,360","3,784","3,855","3,301","3,245","50,406","48,432","14,242"
,, M ,"3,486","3,229","3,342","5,032","4,819","6,041","5,350","5,187","5,265","4,439","4,128","3,867","3,412","3,863","3,379","4,567","3,870","5,259","4,911","5,856","5,072","4,420","4,576","4,072","3,988","3,385","3,384","53,596","49,955","14,648"
 BRITISH FRIESIAN X , Dairy , F ,773,933,985,"2,499","3,000","3,703","1,929","2,260","2,695",959,"1,175",749,894,811,788,861,846,"1,250","1,392","1,613","1,580",939,"1,038",749,841,670,738,"13,802","15,485","7,383"
,, M ,739,841,940,"2,270","2,526","3,932","2,023","2,200","3,084","1,076","1,146",857,945,853,975,"1,067",968,"1,337","1,505","1,692","1,732","1,069","1,216",752,931,728,734,"14,463","15,719","7,956"
 BRITISH HOLSTEIN , Dairy , F ,237,254,316,225,225,343,239,285,324,235,310,205,331,223,286,224,324,369,353,250,359,353,373,279,356,210,279,"3,049","3,735",983
,, M ,170,178,224,224,193,237,178,163,282,198,246,165,228,157,188,187,202,268,257,188,276,220,283,161,185,114,206,"2,230","2,605",743
 BRITISH HOLSTEIN X , Dairy , F ,36,64,64,105,46,83,71,50,56,42,66,45,35,36,43,44,67,37,88,51,112,72,87,59,59,56,102,654,819,203
,, M ,44,36,48,68,22,67,67,32,61,32,49,29,46,50,43,43,55,45,67,50,98,53,79,40,48,36,59,557,634,176
 BRITISH WHITE , Non Dairy , F ,30,34,28,44,51,49,105,100,106,82,100,102,71,64,58,51,41,35,43,32,24,18,18,25,12,11,29,599,581,183
,, M ,35,36,18,70,45,48,111,111,121,104,114,100,97,52,67,62,49,40,41,29,40,12,27,16,13,18,24,649,664,187
 BRITISH WHITE X , Non Dairy , F ,15,22,18,16,16,21,36,49,26,40,38,36,52,23,28,18,17,25,12,23,11,16,27,21,12,9,10,278,294,65
,, M ,12,23,24,18,15,21,32,43,38,39,35,50,38,24,19,22,10,16,18,16,9,26,20,33,24,17,7,305,261,83
 BROWN SWISS , Dairy , F ,83,96,76,88,94,116,143,136,199,100,111,113,114,112,150,116,161,132,165,117,176,117,183,106,151,100,102,"1,327","1,639",391
,, M ,51,85,73,54,91,80,102,91,137,78,102,87,131,78,109,103,147,125,159,80,148,105,137,83,143,71,80,"1,017","1,423",290
 BROWN SWISS X , Dairy , F ,195,220,159,228,194,186,345,333,242,307,296,195,236,194,214,248,246,302,306,306,293,267,274,256,196,222,162,"3,065","2,970",587
,, M ,157,190,124,181,183,161,335,206,239,291,176,199,209,198,196,215,215,292,262,293,243,210,269,190,211,183,170,"2,744","2,530",524
 CHAROLAIS , Non Dairy , F ,589,575,526,632,632,695,"1,490","1,373","1,505","2,174","2,153","1,947","1,706","1,351","1,263",978,959,754,661,631,533,574,526,477,534,445,397,"12,042","11,312","2,726"
,, M ,516,578,522,649,603,656,"1,431","1,378","1,526","2,264","2,148","2,103","1,866","1,437","1,306","1,072",899,782,618,661,618,573,578,527,495,503,400,"12,518","11,487","2,704"
 CHAROLAIS X , Non Dairy , F ,"4,370","4,029","3,768","5,819","5,365","6,044","17,514","16,904","18,344","24,832","25,624","19,481","18,786","10,640","10,042","6,921","7,366","6,220","5,873","6,467","5,636","5,283","5,023","4,221","4,566","3,249","3,246","115,017","112,460","28,156"
,, M ,"4,380","4,101","3,772","5,677","5,428","6,033","17,735","17,008","18,866","26,071","26,367","20,439","19,814","11,143","10,699","7,508","7,692","6,397","6,192","6,846","5,964","5,401","5,211","4,292","4,637","3,358","3,216","119,247","116,329","28,671"
 CHIANINA , Non Dairy , F ,0,0,0,0,1,0,0,0,1,0,1,0,0,0,0,0,0,0,1,0,0,0,0,0,1,0,0,0,4,1
,, M ,0,0,0,0,0,0,0,0,0,0,1,0,0,0,1,0,1,0,0,1,0,0,0,0,1,0,0,1,4,0
 CHIANINA X , Non Dairy , F ,2,1,2,0,1,1,3,0,9,5,2,7,0,4,6,1,3,2,2,1,1,5,1,4,2,0,0,34,19,12
,, M ,2,5,1,0,3,0,2,2,8,1,2,7,3,2,5,5,2,1,1,2,0,4,1,1,1,1,1,28,26,9
 CHILLINGHAM , Non Dairy , F ,0,1,0,0,0,0,0,0,0,0,0,0,0,0,1,0,0,1,0,0,0,0,0,0,0,0,0,1,2,0
 CHILLINGHAM X , Non Dairy , F ,0,0,0,1,0,0,0,0,0,0,0,2,1,1,0,0,0,0,0,0,0,0,0,0,0,0,0,4,1,0
,, M ,0,0,0,0,0,0,0,0,0,2,0,3,0,0,3,1,0,0,0,0,0,0,1,1,0,0,0,7,4,0
 COLOURED WELSH , Non Dairy , F ,0,0,0,0,0,1,0,0,0,0,0,0,0,0,0,0,0,0,0,0,0,0,0,0,1,0,0,0,1,1
 CROSS BREED BEEF , Non Dairy , F ,13,28,23,10,11,16,8,19,16,30,29,29,33,14,16,7,15,12,6,8,19,13,19,7,17,15,5,166,217,55
,, M ,12,24,28,12,18,153,13,19,29,29,39,38,25,13,20,2,8,5,9,10,15,12,17,9,16,16,17,171,227,210
 CROSS BREED DAIRY , Dairy , F ,64,87,107,411,438,757,202,235,332,50,54,6,12,10,15,2,7,59,150,39,134,124,141,93,68,17,27,"1,077","1,368","1,196"
,, M ,23,52,32,131,237,282,65,220,285,28,30,2,7,4,13,4,7,41,44,37,34,23,26,23,8,2,10,383,688,599
 DAIRY SHORTHORN , Dairy , F ,94,110,105,125,147,175,166,171,177,130,153,107,114,97,109,102,136,153,134,150,184,112,116,117,128,117,101,"1,470","1,603",457
,, M ,62,74,52,70,63,96,100,79,105,53,84,68,67,66,59,55,77,69,47,81,108,51,63,72,68,79,36,826,825,253
 DAIRY SHORTHORN X , Dairy , F ,66,86,98,138,200,98,95,203,105,115,143,56,112,77,86,56,78,102,106,144,150,121,134,105,86,61,75,"1,136","1,459",301
,, M ,35,62,66,89,86,66,81,101,71,69,89,52,62,45,51,53,56,61,58,71,82,66,59,72,72,61,56,755,834,203
 DANISH RED , Non Dairy , F ,8,7,2,8,7,6,9,8,8,18,6,8,6,6,8,18,11,34,9,12,7,10,6,29,8,9,9,169,92,16
,, M ,5,5,3,8,1,5,7,8,5,11,5,9,9,5,6,20,10,30,9,21,6,6,7,7,2,3,4,132,72,13
 DANISH RED X , Non Dairy , F ,29,30,2,45,28,29,58,22,45,39,21,53,13,60,20,61,42,47,28,42,25,32,30,40,20,24,17,530,296,76
,, M ,21,23,7,56,33,19,40,28,38,35,29,48,19,39,17,45,39,52,29,38,27,31,18,29,19,31,12,465,293,64
 DEVON , Non Dairy , F ,145,99,107,336,299,350,776,851,"1,035",904,947,572,531,351,336,239,236,200,188,191,151,106,115,81,85,49,58,"3,950","3,896","1,492"
,, M ,119,70,117,278,293,350,793,824,958,800,997,549,564,382,339,253,221,212,213,194,150,119,116,85,81,41,60,"3,825","3,928","1,425"
 DEVON X , Non Dairy , F ,136,140,159,183,205,254,310,308,347,380,378,300,380,251,246,239,204,214,184,224,232,176,195,146,162,92,129,"2,651","2,763",760
,, M ,117,159,181,207,213,224,315,359,408,407,392,300,357,248,251,263,204,228,249,190,241,176,200,152,164,86,93,"2,689","2,882",813
 DEXTER , Non Dairy , F ,138,173,180,191,229,255,470,457,438,498,503,461,456,370,422,330,376,300,287,232,235,175,163,131,150,136,112,"3,432","3,563",873
,, M ,145,176,178,198,249,231,457,382,380,521,518,454,524,436,449,363,391,307,270,278,223,178,174,127,177,142,157,"3,606","3,690",789
 DEXTER X , Non Dairy , F ,10,21,12,15,23,10,28,28,27,25,29,20,35,37,33,23,24,13,10,22,18,14,11,7,25,12,10,226,267,49
,, M ,9,19,16,10,27,9,29,33,27,31,41,20,43,30,30,27,23,18,22,29,24,11,16,10,18,11,13,235,309,52
 DWARF ZEBU , Non Dairy , F ,0,0,0,0,0,0,0,0,0,1,0,1,2,0,0,0,0,0,0,0,0,0,0,0,0,0,0,2,2,0
,, M ,0,1,0,0,0,2,0,2,1,0,0,0,0,1,0,0,1,0,0,0,0,0,0,0,0,0,0,1,4,3
 ENGLISH PARK , Non Dairy , F ,1,1,0,0,0,0,0,0,0,0,0,0,0,0,0,0,1,0,0,0,0,0,0,0,0,0,0,1,2,0
 FLECKVIEH , Dairy , F ,2,0,6,0,1,3,0,2,1,9,4,7,3,2,8,7,9,5,2,7,9,7,9,7,3,3,0,56,50,10
,, M ,0,0,1,0,0,1,0,1,1,1,1,0,1,6,5,3,1,5,6,4,12,3,8,4,4,3,2,29,41,3
 FLECKVIEH CROSS , Dairy , F ,18,34,41,14,29,62,26,37,58,19,38,18,35,20,64,30,61,47,70,64,52,42,62,48,55,36,44,382,581,161
,, M ,20,39,38,18,28,58,21,30,62,18,34,15,40,28,40,21,59,53,65,46,41,61,51,35,36,36,39,372,502,158
 FRISONA ESPAGNOLA , Dairy , F ,0,2,0,0,0,0,0,0,3,0,0,0,0,0,0,0,0,0,0,0,0,0,1,0,0,3,0,3,3,3
,, M ,0,7,0,0,0,0,1,0,0,0,1,0,2,0,0,0,0,0,2,1,1,0,1,0,0,0,0,2,14,0
 FRISONA ESPAGNOLA X , Dairy , F ,0,0,0,0,0,0,0,0,0,0,0,0,0,0,0,1,1,0,0,1,0,0,0,0,0,0,0,2,1,0
,, M ,0,0,0,0,0,0,1,1,0,0,0,0,1,0,0,0,1,0,0,1,0,0,0,0,0,0,0,2,3,0
 GALLOWAY , Non Dairy , F ,63,86,43,65,68,68,217,203,236,332,310,293,328,223,244,121,172,166,151,129,115,161,134,100,133,69,84,"1,939","2,028",347
,, M ,48,82,44,72,59,71,199,190,226,306,344,282,361,201,216,127,174,113,145,120,111,155,130,110,118,63,72,"1,796","2,002",341
 GALLOWAY X , Non Dairy , F ,19,13,35,40,21,23,75,70,78,79,105,64,64,32,48,36,56,37,85,28,31,34,37,23,32,15,26,482,588,136
,, M ,21,15,23,24,21,14,79,61,65,108,112,68,64,44,51,36,51,62,94,39,38,36,44,23,31,15,35,555,617,102
 GASCONNE , Non Dairy , F ,0,4,3,10,5,4,9,4,7,6,4,5,8,1,1,1,2,1,0,0,1,0,0,0,2,0,0,33,31,14
,, M ,1,2,4,5,7,2,9,5,13,5,7,11,6,1,0,0,0,0,0,0,0,0,0,0,1,2,1,34,29,19
 GASCONNE X , Non Dairy , F ,1,0,0,1,1,0,4,1,3,2,4,1,3,3,0,0,0,0,0,2,0,0,0,1,1,0,0,15,10,3
,, M ,1,0,0,1,1,0,3,0,2,1,2,2,1,4,0,0,2,0,0,1,0,1,0,0,2,0,0,14,8,2
 GELBVIEH , Non Dairy , F ,5,9,4,5,8,2,17,30,35,27,16,15,28,13,12,13,18,17,4,13,6,1,5,3,2,4,12,133,150,41
,, M ,6,7,4,10,3,5,19,20,33,26,16,19,24,18,13,17,18,15,11,14,2,2,11,4,1,4,7,154,133,42
 GELBVIEH X , Non Dairy , F ,20,19,14,22,14,16,54,67,63,46,95,37,60,45,51,33,46,16,22,16,18,19,16,16,12,8,8,332,428,93
,, M ,16,8,25,27,24,16,67,64,45,50,86,40,51,37,39,32,53,23,26,18,16,19,17,17,13,6,12,352,409,86
 GLOUCESTER , Non Dairy , F ,13,11,9,28,24,12,35,33,29,31,22,29,22,17,18,14,16,12,15,2,10,9,8,4,5,12,12,206,196,50
,, M ,8,13,9,16,18,17,38,29,32,32,31,24,16,12,21,20,14,11,9,5,14,8,3,11,7,8,8,193,183,58
 GLOUCESTER X , Non Dairy , F ,2,6,3,4,6,3,9,5,12,2,5,7,5,18,11,29,2,5,5,10,5,3,1,2,4,4,3,95,58,18
,, M ,0,0,3,1,3,6,5,10,8,4,15,3,4,10,18,16,6,9,9,6,6,1,0,0,4,2,4,57,79,17
 GRONINGER BLAARKOP X , Non Dairy , F ,0,0,0,0,0,0,0,0,0,0,0,0,0,3,0,0,0,0,1,0,0,0,0,0,0,0,0,3,1,0
,, M ,0,0,0,0,0,0,0,0,0,0,0,0,0,0,0,1,0,0,0,0,0,0,0,0,0,0,0,1,0,0
 GUERNSEY , Dairy , F ,116,97,82,134,116,107,147,148,125,141,137,138,138,134,130,145,150,180,173,190,180,180,164,143,170,141,103,"1,789","1,706",314
,, M ,46,40,44,39,50,65,57,69,59,54,46,46,44,53,62,88,72,98,82,131,107,95,109,78,94,69,71,854,846,168
 GUERNSEY X , Dairy , F ,13,6,7,17,10,6,26,14,15,14,9,11,10,14,10,7,8,7,5,2,2,9,7,8,8,9,3,137,92,28
,, M ,4,1,3,6,4,10,15,4,8,1,5,4,2,4,2,3,4,8,8,5,9,4,1,6,3,3,1,63,44,21
 HECK , Non Dairy , F ,0,0,1,0,0,0,0,1,0,1,0,0,0,0,0,0,1,0,0,1,0,0,0,1,0,2,0,5,2,1
,, M ,0,1,0,0,0,0,0,1,0,0,1,0,1,0,0,0,0,0,0,0,0,0,0,0,0,0,0,0,4,0
 HECK CROSS , Non Dairy , F ,0,0,0,0,0,0,0,0,0,0,0,0,1,0,0,0,0,0,0,0,0,0,0,0,1,0,0,0,2,0
 HEREFORD , Non Dairy , F ,379,328,367,583,588,730,"1,334","1,472","1,708","1,362","1,739","1,044","1,083",725,804,575,602,493,487,594,584,412,496,309,290,300,288,"8,110","8,761","2,805"
,, M ,348,314,352,598,635,751,"1,367","1,466","1,704","1,464","1,769","1,101","1,120",740,886,602,628,487,483,624,617,437,465,363,359,281,306,"8,412","9,048","2,807"
 HEREFORD X , Non Dairy , F ,"1,991","1,971","2,273","2,800","2,728","3,223","4,699","4,600","4,745","4,758","4,763","3,710","4,088","3,091","3,140","2,777","3,022","2,816","2,865","2,715","2,506","2,370","2,574","2,055","2,240","1,922","2,033","35,704","36,530","10,241"
,, M ,"2,126","1,958","2,334","2,849","2,754","3,445","4,819","4,680","4,917","5,006","5,223","3,927","4,306","3,122","3,382","2,907","3,087","3,021","2,967","2,824","2,771","2,393","2,714","2,124","2,354","1,916","2,153","37,034","38,349","10,696"
 HIGHLAND , Non Dairy , F ,91,134,155,205,161,168,492,502,528,691,702,544,549,393,371,243,317,169,135,130,121,82,99,61,68,35,46,"3,136","3,205",851
,, M ,120,118,157,184,151,138,445,447,497,770,701,526,515,364,381,269,280,173,127,118,92,100,99,73,66,35,57,"3,177","3,034",792
 HIGHLAND X , Non Dairy , F ,11,12,14,17,23,19,28,39,66,60,69,72,69,54,60,43,36,33,37,23,23,30,26,10,14,30,13,411,421,99
,, M ,16,13,20,16,22,17,23,32,43,81,74,76,62,48,64,28,45,27,20,21,31,16,21,16,15,36,24,404,423,80
 HOLSTEIN , Dairy , F ,"3,489","3,815","3,622","3,208","3,305","3,561","3,670","3,593","3,561","3,355","3,383","3,450","3,236","3,789","3,571","4,268","4,076","4,708","4,926","4,817","4,331","4,356","4,348","4,239","4,021","4,192","3,823","47,541","46,428","10,744"
,, M ,"2,099","1,944","2,204","1,973","1,946","2,304","2,228","2,099","2,408","2,182","2,219","2,080","2,123","2,284","2,268","2,607","2,645","2,814","2,966","2,766","2,723","2,444","2,690","2,298","2,614","1,981","2,364","27,756","28,601","6,916"
 HOLSTEIN FRIESIAN , Dairy , F ,"20,314","20,574","20,928","19,575","19,887","20,447","20,432","21,466","21,521","19,340","20,037","18,740","19,833","21,143","20,897","25,298","25,505","30,308","30,358","30,998","28,311","26,846","28,392","25,787","25,924","22,871","22,728","281,652","283,912","62,896"
,, M ,"16,988","15,273","16,962","16,683","15,341","17,470","17,935","17,038","18,795","16,565","16,253","16,813","16,411","18,603","17,435","21,579","21,223","24,547","25,149","24,579","23,540","20,872","22,890","19,174","21,043","16,157","18,374","230,495","229,970","53,227"
 HOLSTEIN FRIESIAN X , Dairy , F ,"1,297","1,348","1,559","2,458","2,767","3,607","1,914","2,539","2,659","1,433","1,517","1,204","1,329","1,186","1,336","1,459","1,627","2,108","2,074","2,210","1,998","1,652","1,777","1,377","1,511","1,275","1,348","19,573","21,171","7,825"
,, M ,"1,093","1,051","1,280","2,134","2,119","3,177","1,934","1,939","2,681","1,348","1,376","1,048","1,177","1,036","1,132","1,363","1,526","1,893","1,997","1,819","1,948","1,468","1,721","1,233","1,351","1,054","1,272","17,423","18,609","7,138"
 HOLSTEIN X , Dairy , F ,231,258,275,306,263,298,307,294,298,240,276,243,243,226,303,288,317,325,479,335,450,312,387,287,334,198,315,"3,298","3,919",871
,, M ,162,190,239,223,225,297,192,224,265,199,174,222,220,199,185,254,258,231,355,251,391,201,317,197,262,157,220,"2,488","3,021",801
 IRISH MOILED , Non Dairy , F ,10,3,2,2,4,6,10,16,7,13,14,9,6,9,9,4,4,5,3,6,1,4,5,0,2,1,2,73,69,15
,, M ,5,3,3,1,0,8,14,6,10,26,11,11,11,1,5,7,10,2,6,4,1,4,7,2,4,4,3,81,67,21
 IRISH MOILED X , Non Dairy , F ,3,2,2,1,0,4,2,7,1,7,1,8,4,6,3,1,0,3,2,0,1,3,1,0,0,0,1,34,22,7
,, M ,6,2,0,7,4,0,3,6,2,4,3,8,3,3,3,7,3,6,0,2,1,3,2,1,3,1,1,51,31,2
 JERSEY , Dairy , F ,698,658,653,"1,099","1,111","1,177","1,333","1,273","1,399","1,081",917,762,759,774,733,"1,030",908,"1,346","1,162","1,184","1,156",988,"1,071",875,829,704,625,"11,874","11,202","3,229"
,, M ,128,107,111,289,235,402,301,323,442,249,195,166,163,184,149,221,164,219,278,236,239,192,209,150,155,110,122,"2,445","2,339",955
 JERSEY X , Dairy , F ,453,569,750,"2,797","3,315","3,894","1,933","1,946","2,044",816,842,353,368,249,254,258,209,502,534,589,620,417,452,244,277,179,188,"8,790","9,574","6,688"
,, M ,158,125,257,625,747,"1,156",575,611,662,238,268,95,134,81,85,92,90,177,211,190,220,133,202,103,111,89,84,"2,556","2,888","2,075"
 KERRY , Dairy , F ,0,2,3,1,1,0,2,0,2,1,5,0,1,0,4,1,3,2,1,1,1,0,0,1,0,0,0,9,18,5
,, M ,1,3,4,0,0,1,0,1,1,6,1,3,3,3,4,0,1,2,0,0,1,0,0,1,1,0,0,16,15,6
 KERRY X , Dairy , F ,0,0,0,0,0,0,0,0,1,2,2,0,0,0,1,1,0,0,5,0,0,0,1,0,0,0,2,3,11,1
,, M ,0,0,0,0,0,2,1,2,1,3,1,0,0,0,2,2,0,0,5,0,1,0,0,0,0,0,4,6,15,3
 LIMOUSIN , Non Dairy , F ,"2,016","2,051","1,912","2,207","2,233","2,473","4,471","4,626","4,901","6,558","6,418","5,674","5,681","3,838","3,697","2,854","2,872","2,240","2,062","2,203","1,999","1,970","1,905","1,677","1,842","1,586","1,484","37,294","36,870","9,286"
,, M ,"1,922","2,065","1,975","2,251","2,160","2,456","4,532","4,568","4,803","6,674","6,516","5,578","5,755","3,983","3,856","2,990","2,895","2,140","2,062","2,301","2,032","2,069","1,948","1,670","1,866","1,543","1,472","37,653","37,195","9,234"
 LIMOUSIN X , Non Dairy , F ,"11,560","11,226","11,152","14,069","14,096","16,090","32,585","32,946","34,004","42,638","43,479","35,852","35,509","22,963","22,477","17,820","17,393","15,920","15,095","15,649","13,949","13,376","12,977","11,449","11,606","10,264","9,790","244,145","240,543","61,246"
,, M ,"11,612","11,308","11,297","13,832","13,945","15,835","32,556","32,503","33,724","43,205","44,240","36,995","36,889","24,066","23,076","18,529","17,894","16,236","15,447","16,227","14,411","13,855","13,375","11,415","11,827","10,337","9,912","248,865","244,827","60,856"
 LINCOLN RED , Non Dairy , F ,57,79,103,166,204,215,286,312,311,263,268,155,157,74,88,57,57,41,36,33,23,30,30,19,22,35,13,"1,216","1,289",629
,, M ,63,89,107,174,175,193,291,310,368,294,290,138,116,54,67,50,57,43,32,23,31,30,35,16,20,23,19,"1,199","1,241",668
 LINCOLN RED X , Non Dairy , F ,48,68,58,100,96,98,125,156,190,117,133,89,113,62,64,35,36,52,30,39,25,30,41,29,27,48,42,774,831,346
,, M ,49,68,62,142,81,124,162,136,181,132,106,86,128,65,61,46,39,28,20,45,42,32,74,39,28,47,34,873,817,367
 LONGHORN , Non Dairy , F ,104,91,131,150,135,183,364,384,461,369,488,294,314,186,161,167,192,106,132,84,85,82,77,37,59,51,44,"1,994","2,162",775
,, M ,81,85,78,133,135,164,356,359,442,400,479,314,341,183,171,149,164,118,124,75,105,74,90,58,64,54,45,"1,995","2,162",684
 LONGHORN X , Non Dairy , F ,13,23,21,34,33,38,97,75,98,100,90,97,79,63,66,69,55,51,71,49,38,33,24,20,12,17,19,643,585,157
,, M ,10,27,15,43,29,40,85,74,90,121,73,84,68,65,73,60,56,48,49,41,40,36,28,19,10,22,14,634,541,145
 LUING , Non Dairy , F ,20,16,18,51,44,99,713,655,840,573,727,365,362,129,135,58,81,19,24,22,31,10,22,18,20,14,11,"1,992","2,128",957
,, M ,11,7,12,43,29,96,661,591,821,665,777,342,400,150,121,52,79,28,37,26,35,7,13,18,12,13,10,"2,016","2,111",929
 LUING X , Non Dairy , F ,8,11,26,31,33,52,211,227,245,228,289,135,167,58,78,33,47,29,21,29,37,33,33,18,17,4,10,817,970,323
,, M ,5,17,23,36,25,40,190,210,235,214,274,166,178,46,79,45,34,35,23,24,35,33,33,17,21,8,11,819,940,298
 MAINE ANJOU , Non Dairy , F ,0,0,0,2,1,0,0,1,2,0,0,10,3,6,2,1,1,0,0,0,1,0,1,0,0,0,0,19,10,2
,, M ,1,0,0,0,0,0,1,0,0,0,0,6,4,2,3,1,1,0,0,1,0,0,0,0,1,0,0,12,9,0
 MAINE ANJOU X , Non Dairy , F ,9,22,23,10,12,12,11,26,23,10,5,22,11,4,11,7,8,6,3,21,3,1,8,8,6,4,10,113,125,58
,, M ,11,19,20,18,13,16,9,11,19,11,4,12,5,6,10,7,12,8,5,10,3,1,4,8,10,4,13,105,109,55
 MARCHIGIANA X , Non Dairy , F ,0,2,1,0,1,1,0,6,1,9,11,3,1,1,0,1,0,0,1,1,1,1,1,0,1,0,0,16,25,3
,, M ,4,0,1,0,4,2,2,4,2,1,8,5,2,0,4,1,4,1,1,2,0,1,0,1,3,0,0,18,30,5
 MEUSE RHINE ISSEL , Non Dairy , F ,74,72,61,66,83,65,86,109,57,97,50,83,83,75,76,103,93,118,76,118,111,81,105,88,88,98,60,"1,087","1,006",183
,, M ,84,123,62,93,64,79,116,109,80,100,78,96,79,100,78,120,108,121,103,129,101,102,103,86,105,106,84,"1,253","1,135",221
 MEUSE RHINE ISSEL X , Non Dairy , F ,96,86,81,100,56,78,87,119,70,85,90,142,144,115,82,104,76,146,107,89,98,99,92,92,71,79,60,"1,234","1,081",229
,, M ,108,105,114,130,80,76,137,113,113,152,118,170,141,162,107,143,123,151,141,128,149,147,111,110,116,113,82,"1,651","1,386",303
 MONTBELIARDE , Non Dairy , F ,136,121,116,137,116,120,157,141,177,123,145,94,141,114,170,149,176,178,196,247,252,173,175,169,174,140,182,"1,817","1,989",413
,, M ,131,97,128,140,118,100,141,169,158,110,146,98,122,106,161,128,133,161,187,226,224,178,195,156,153,129,126,"1,704","1,831",386
 MONTBELIARDE X , Non Dairy , F ,395,367,435,386,457,511,525,618,643,442,499,468,433,422,462,577,601,615,645,594,530,537,501,440,480,448,402,"5,849","5,995","1,589"
,, M ,395,404,444,423,465,508,598,638,686,474,531,503,467,437,395,617,598,727,682,700,588,574,564,483,501,430,404,"6,361","6,237","1,638"
 MURRAY GREY , Non Dairy , F ,7,4,10,26,22,22,45,26,44,51,58,48,36,22,20,11,19,11,14,12,9,6,9,7,4,3,1,249,222,76
,, M ,6,6,9,22,23,19,21,42,35,61,42,42,37,25,22,14,11,16,8,15,9,0,6,8,6,8,3,238,215,63
 MURRAY GREY X , Non Dairy , F ,11,14,5,7,16,14,23,36,27,48,29,16,13,8,18,12,10,13,9,16,2,15,18,7,7,8,5,184,177,46
,, M ,14,12,5,11,11,13,18,21,25,40,22,15,14,14,13,16,7,18,11,10,8,10,20,9,4,12,4,187,147,43
 NORMANDE , Non Dairy , F ,2,7,4,6,9,3,7,15,12,5,3,0,4,11,10,5,5,0,3,4,1,6,8,2,0,3,8,51,73,19
,, M ,1,0,5,11,7,6,11,11,10,7,5,1,2,10,10,7,9,3,3,3,1,7,2,8,1,4,4,73,55,21
 NORMANDE X , Non Dairy , F ,7,3,5,13,10,16,8,11,18,16,7,7,10,2,1,2,1,5,17,5,3,4,2,5,1,8,2,82,68,39
,, M ,4,5,2,12,4,20,16,23,27,12,6,7,7,2,2,4,6,9,6,9,4,2,1,6,4,5,5,88,73,49
 NORTHERN DAIRY SH , Dairy , F ,0,0,0,1,2,3,7,2,3,4,2,5,2,0,2,0,0,3,0,4,0,0,1,2,1,0,1,26,13,6
,, M ,1,0,0,2,1,3,4,4,5,4,4,0,1,0,2,0,0,2,1,1,2,0,1,2,0,0,1,16,17,8
 NORWEGIAN RED , Non Dairy , F ,2,3,5,2,27,44,3,10,16,4,6,2,1,1,2,4,2,7,7,58,50,15,18,6,4,4,5,108,135,65
,, M ,4,2,2,2,19,20,3,12,21,5,6,3,0,2,0,3,7,10,6,48,49,33,28,9,7,4,1,126,137,43
 NORWEGIAN RED X , Non Dairy , F ,85,87,143,109,162,203,84,102,135,67,68,38,80,32,60,71,120,459,471,310,365,175,240,52,113,63,93,"1,545","1,961",481
,, M ,63,69,118,66,80,193,59,87,134,57,68,29,66,22,62,56,106,410,410,338,377,154,215,58,118,56,84,"1,368","1,742",445
 OLD ENGLISH , Non Dairy , F ,0,0,0,0,0,0,0,0,0,0,0,0,0,0,0,0,3,0,0,0,0,0,0,0,0,0,0,0,3,0
,, M ,0,0,0,1,0,0,0,0,0,0,0,0,0,0,0,0,0,0,0,0,0,0,0,0,0,0,0,1,0,0
 OLD ENGLISH X , Non Dairy , F ,0,0,0,1,0,0,0,0,0,0,0,0,0,0,0,0,0,1,0,0,0,2,0,0,0,0,0,4,0,0
,, M ,1,0,0,0,0,0,0,0,0,0,2,0,0,0,0,0,0,0,0,0,0,0,0,0,0,0,0,1,2,0
 PARTHENAIS , Non Dairy , F ,4,2,1,3,4,3,4,9,15,9,7,9,11,9,7,2,6,6,1,4,0,2,2,0,0,2,1,54,50,19
,, M ,5,6,3,3,4,4,10,5,10,12,9,8,8,14,6,1,2,14,0,0,0,1,0,0,5,1,3,69,48,17
 PARTHENAIS X , Non Dairy , F ,19,20,9,32,25,25,80,98,56,85,83,42,81,41,35,37,20,20,13,17,9,20,11,31,31,19,19,443,445,90
,, M ,14,23,15,27,18,30,107,78,65,82,101,48,61,30,41,34,30,19,7,18,4,14,11,33,19,22,17,448,410,110
 PIEMONTESE , Non Dairy , F ,2,2,1,3,2,1,2,4,4,14,7,11,19,2,8,5,4,5,2,8,3,2,2,1,3,15,3,70,59,6
,, M ,0,5,3,3,0,0,3,2,4,12,10,11,12,2,18,3,3,4,2,2,0,1,1,1,3,3,2,45,58,7
 PIEMONTESE X , Non Dairy , F ,18,8,10,42,20,38,86,86,76,80,90,56,53,66,47,23,25,12,9,10,16,43,29,22,44,26,39,484,466,124
,, M ,11,15,5,28,24,29,83,74,54,102,86,68,56,56,44,36,11,15,10,17,16,44,26,31,58,16,24,507,444,88
 PINZGAUER , Non Dairy , M ,0,0,0,0,0,0,0,0,0,0,0,0,0,0,0,0,0,0,0,0,0,0,1,0,0,0,0,0,1,0
 PINZGAUER X , Non Dairy , F ,2,2,3,0,1,2,0,0,0,2,1,0,7,1,3,0,0,0,0,1,1,1,0,0,0,3,2,10,17,5
,, M ,2,0,2,1,0,3,0,0,0,0,0,1,1,0,1,1,1,0,1,0,0,0,0,0,0,3,0,8,4,5
 RED POLL , Non Dairy , F ,60,60,54,106,73,105,196,204,190,185,266,144,133,82,103,70,79,63,69,51,68,38,37,42,71,48,43,"1,085","1,206",349
,, M ,44,38,61,90,74,104,197,207,157,195,246,152,154,69,90,82,73,55,76,43,51,48,57,43,55,58,44,"1,076","1,165",322
 RED POLL X , Non Dairy , F ,20,23,30,17,25,24,39,55,57,34,69,41,41,39,33,27,36,11,25,13,31,20,21,20,23,26,28,307,410,111
,, M ,5,16,33,27,23,25,49,68,57,34,75,56,57,31,40,22,35,27,28,15,29,17,16,20,18,18,25,321,430,115
 RIGGIT GALLOWAY , Dairy , F ,0,0,4,1,1,1,5,2,2,8,11,4,2,0,5,1,3,6,3,3,2,0,4,0,2,0,0,28,35,7
,, M ,0,0,2,0,1,0,4,0,3,4,9,3,8,4,4,2,3,7,0,3,1,0,10,1,1,0,1,28,38,5
 RIGGITGALLOWAY CROSS , Dairy , F ,1,0,0,0,0,0,0,1,0,1,2,1,2,0,6,1,0,0,4,3,0,0,6,1,1,2,0,10,22,0
,, M ,0,1,1,0,0,0,0,0,1,6,1,0,0,0,2,0,0,3,1,2,0,0,1,0,0,0,0,11,6,2
 ROMAGNOLA , Non Dairy , F ,0,0,1,0,0,0,0,0,0,1,0,0,0,0,0,0,1,0,0,0,0,0,0,0,0,0,0,1,1,1
,, M ,0,0,0,0,0,0,0,0,0,0,0,0,0,0,0,1,1,1,0,0,0,0,0,0,0,0,0,2,1,0
 ROMAGNOLA X , Non Dairy , F ,0,0,0,2,3,1,13,2,13,9,3,10,13,7,3,1,3,5,3,2,0,1,1,0,3,0,0,50,34,14
,, M ,1,0,0,0,2,2,6,6,9,7,5,14,10,10,4,1,2,11,1,2,1,0,0,0,1,0,0,52,32,11
 ROTEBUNDE X , Non Dairy , F ,0,0,0,0,0,0,1,0,0,1,0,0,1,0,0,0,0,0,0,0,0,0,0,0,0,0,0,2,1,0
,, M ,0,0,0,0,0,0,0,0,0,1,0,0,1,0,0,0,0,0,0,0,0,0,0,0,0,0,0,1,1,0
 SALERS , Non Dairy , F ,55,48,80,61,88,108,212,242,226,268,398,296,341,166,344,145,141,152,131,93,70,55,36,64,45,53,65,"1,620","1,949",414
,, M ,71,64,72,79,120,92,208,243,212,312,346,314,334,197,338,149,139,142,119,105,94,64,48,71,57,52,64,"1,764","1,966",376
 SALERS X , Non Dairy , F ,203,267,292,410,324,496,"1,023",897,"1,141","1,281","1,443","1,026",993,633,688,420,423,373,404,456,466,411,404,253,303,217,208,"6,706","6,820","1,929"
,, M ,220,254,273,410,345,475,999,952,"1,073","1,233","1,500","1,002","1,021",580,617,380,394,399,400,454,441,399,368,248,326,206,242,"6,530","6,860","1,821"
 SHETLAND , Non Dairy , F ,6,2,2,8,9,12,48,47,23,28,35,22,29,27,27,19,14,16,15,14,5,15,5,5,5,3,6,211,199,37
,, M ,6,10,5,18,6,12,43,38,47,34,51,26,25,27,26,15,19,11,11,8,2,9,11,5,5,1,2,203,206,64
 SHETLAND X , Non Dairy , F ,8,7,7,15,8,7,17,16,8,25,8,21,9,7,11,8,8,6,5,2,6,1,5,5,2,4,3,119,88,22
,, M ,4,9,7,6,3,4,8,14,11,19,3,24,5,6,9,7,6,11,6,2,4,0,5,0,3,1,0,88,67,22
 SHORTHORN , Non Dairy , F ,99,104,113,130,106,168,202,180,214,199,223,209,292,196,136,155,177,188,142,188,143,137,147,117,127,113,103,"1,933","1,880",495
,, M ,113,129,142,145,129,203,247,187,241,214,248,233,270,181,206,206,198,227,202,233,229,148,188,133,163,114,138,"2,194","2,287",586
 SHORTHORN X , Non Dairy , F ,186,192,198,307,271,380,689,619,840,894,947,716,676,444,461,426,359,284,344,273,378,246,235,185,218,174,188,"4,824","4,888","1,418"
,, M ,211,181,227,347,349,346,676,656,900,963,949,768,730,475,497,378,415,312,362,366,383,308,375,199,214,193,211,"5,196","5,322","1,473"
 SIMMENTAL , Non Dairy , F ,643,625,635,926,925,976,"2,025","2,099","2,184","2,196","2,220","1,458","1,580",961,993,679,741,729,679,644,672,533,605,490,565,500,409,"11,784","12,113","3,795"
,, M ,641,663,656,908,900,"1,001","2,003","2,253","2,157","2,241","2,329","1,472","1,616","1,017",978,764,778,676,640,703,756,610,641,517,565,458,441,"12,010","12,560","3,814"
 SIMMENTAL X , Non Dairy , F ,"3,424","3,389","3,279","4,861","5,001","5,353","12,317","12,281","12,876","13,714","14,677","10,352","10,618","6,321","6,126","4,938","5,032","4,751","4,398","4,762","4,367","4,270","4,281","3,461","3,807","3,103","2,999","76,274","76,976","21,508"
,, M ,"3,653","3,573","3,390","4,821","4,887","5,318","12,364","12,754","12,935","14,040","15,134","11,027","11,163","6,958","6,571","5,126","5,310","4,882","4,802","5,032","4,701","4,326","4,555","3,751","3,913","3,404","3,175","79,384","80,538","21,643"
 SOUTH DEVON , Non Dairy , F ,217,264,283,479,503,606,"1,445","1,553","1,648","1,671","1,738","1,060","1,190",589,610,454,418,352,346,323,276,289,284,191,228,144,181,"7,214","7,591","2,537"
,, M ,239,250,250,460,488,616,"1,492","1,423","1,611","1,663","1,781","1,102","1,190",624,642,444,454,383,348,334,280,282,302,210,241,163,143,"7,396","7,542","2,477"
 SOUTH DEVON X , Non Dairy , F ,207,239,241,429,426,497,"1,171","1,058","1,134","1,289","1,217",831,892,526,536,359,320,315,315,288,363,272,272,156,187,160,176,"6,003","6,001","1,872"
,, M ,204,220,229,416,410,475,"1,078","1,109","1,163","1,272","1,244",820,922,570,484,381,361,314,332,297,371,262,300,158,176,166,144,"5,938","6,073","1,867"
 SPECKLE PARK , Non Dairy , F ,0,0,0,1,2,1,1,0,4,1,2,0,0,0,0,0,0,1,4,0,0,1,0,0,0,0,0,5,8,5
,, M ,0,1,2,0,0,1,0,0,2,2,2,0,0,0,2,0,1,1,1,0,1,0,1,1,1,0,0,4,10,5
 SPECKLE PARK CROSS , Non Dairy , F ,0,1,1,2,4,4,0,5,9,2,3,2,3,4,0,1,6,3,2,5,9,2,2,0,1,1,1,22,37,14
,, M ,0,4,3,0,2,7,0,6,8,1,4,1,4,1,2,4,3,3,0,2,5,2,5,3,4,4,1,21,40,18
 STABILISER , Non Dairy , F ,18,24,25,108,123,149,371,343,507,437,544,375,412,111,183,64,67,68,50,68,104,47,47,18,31,9,4,"1,694","1,932",681
,, M ,18,19,21,127,134,147,356,332,498,489,583,399,371,104,213,64,83,81,43,69,90,41,76,20,36,12,9,"1,780","1,989",666
 STABILISER X , Non Dairy , F ,48,75,75,199,288,254,988,"1,028","1,015","1,376","1,522",774,750,267,272,207,126,163,103,321,238,167,173,70,105,46,84,"4,626","4,764","1,344"
,, M ,52,66,73,171,255,240,"1,018",982,964,"1,498","1,445",910,876,319,299,196,137,172,106,306,238,177,181,98,112,59,65,"4,976","4,762","1,277"
 SUSSEX , Non Dairy , F ,43,61,59,169,165,193,369,434,484,407,436,246,272,169,170,107,120,109,112,130,135,69,78,38,41,25,34,"1,881","2,058",736
,, M ,52,57,48,155,156,195,413,420,450,440,427,272,284,192,195,139,117,125,111,130,122,93,78,38,43,28,26,"2,077","2,036",693
 SUSSEX X , Non Dairy , F ,57,53,72,121,96,149,287,294,278,376,343,235,234,142,105,117,104,122,123,95,119,114,114,89,116,63,56,"1,818","1,757",499
,, M ,49,52,88,137,112,135,293,297,304,379,352,208,261,152,137,117,101,136,167,115,131,104,132,86,119,93,79,"1,869","1,940",527
 SWEDISH RED , Dairy , F ,20,29,33,26,28,45,34,61,49,34,19,46,36,40,34,33,39,36,54,36,73,27,36,42,63,44,48,418,520,127
,, M ,26,13,14,15,42,40,43,45,34,30,53,54,28,35,25,38,33,28,40,32,57,29,33,25,26,9,13,364,408,88
 SWEDISH RED & WHITE , Non Dairy , F ,42,20,15,36,32,22,46,29,25,27,12,35,29,5,30,26,18,32,19,86,34,51,22,32,32,22,22,440,299,62
,, M ,28,25,17,17,41,20,29,23,33,19,10,36,26,6,23,8,5,26,5,70,30,37,13,22,33,7,15,305,249,70
 SWEDISH RED CROSS , Dairy , F ,245,189,265,302,395,283,311,299,307,230,214,221,238,240,239,281,376,448,605,489,628,370,463,259,346,226,234,"3,622","4,226",855
,, M ,226,179,237,270,284,277,258,248,283,199,176,209,172,202,218,240,279,439,485,440,527,322,379,232,282,197,178,"3,234","3,407",797
 SWEDISH RED POLLED , Dairy , F ,0,0,1,0,0,0,3,0,3,5,0,0,1,0,0,1,3,0,2,0,1,0,2,2,1,1,1,12,11,4
,, M ,0,0,0,0,0,0,0,0,3,3,0,0,0,0,0,0,0,1,2,1,6,0,3,0,3,0,3,5,17,3
 SWEDISH RED&WHITE X , Non Dairy , F ,166,149,125,508,369,316,381,283,233,176,169,168,138,160,139,200,138,371,302,396,223,224,182,175,135,130,115,"3,055","2,342",674
,, M ,156,121,94,379,327,258,311,214,209,178,133,166,105,140,133,152,114,361,288,363,265,217,158,133,94,109,75,"2,665","2,027",561
 SWISS BRAUNVIEH , Non Dairy , F ,0,0,0,3,2,0,0,1,0,0,0,0,0,0,0,0,0,3,0,0,0,0,0,0,0,0,0,6,3,0
,, M ,1,0,0,0,0,0,0,1,0,0,0,0,0,0,0,1,0,0,0,0,0,0,0,0,0,0,0,2,1,0
 SWISS BRAUNVIEH X , Non Dairy , F ,1,0,0,0,0,0,1,0,3,1,1,1,2,0,0,1,0,2,2,0,0,0,0,0,0,3,1,10,6,3
,, M ,2,1,0,0,0,1,0,1,8,0,0,0,1,1,0,4,0,1,0,0,0,0,0,0,0,0,0,8,3,9
 SWISS GREY X , Non Dairy , M ,0,0,0,0,0,0,1,0,0,0,0,0,0,0,0,0,0,0,0,1,0,0,0,0,0,0,0,2,0,0
 SWISS ORIG BRAUNVIEH , Non Dairy , F ,0,0,0,0,0,0,0,0,0,1,0,0,0,0,0,0,0,0,0,0,0,0,0,0,0,0,0,1,0,0
 VAYNOL , Non Dairy , F ,0,0,0,0,0,0,0,0,0,2,1,4,1,0,0,0,1,0,0,0,0,0,0,0,0,0,0,6,3,0
,, M ,0,0,0,0,0,0,0,1,0,2,0,2,1,0,0,2,0,0,0,1,0,0,0,0,0,0,0,7,2,0
 VAYNOL X , Non Dairy , F ,0,0,0,0,1,0,0,0,0,0,1,0,0,0,0,0,1,0,0,0,0,0,0,0,0,0,0,0,3,0
,, M ,0,0,0,0,0,0,0,1,0,0,0,0,0,0,0,0,0,0,0,0,0,0,0,0,0,0,0,0,1,0
 WAGYU , Non Dairy , F ,1,0,3,1,4,4,7,3,13,11,22,8,12,5,10,4,2,3,1,3,7,0,5,0,2,0,3,43,71,20
,, M ,1,2,2,0,1,2,10,2,13,11,19,7,18,6,10,3,0,2,1,3,9,0,3,1,0,0,4,44,69,17
 WAGYU CROSS , Non Dairy , F ,2,43,40,2,48,43,11,52,39,19,68,22,61,10,59,14,85,37,69,19,58,53,51,59,31,54,3,302,628,122
,, M ,3,59,54,3,56,41,13,61,59,22,59,25,76,20,53,14,54,50,91,25,63,48,59,65,42,53,4,341,677,154
 WATER BUFFALO , Non Dairy , F ,12,15,24,12,5,15,19,11,17,25,19,50,39,84,59,87,70,61,74,69,54,42,59,41,29,18,21,520,455,56
,, M ,7,9,22,10,4,13,26,8,30,31,28,47,40,90,68,90,63,82,80,62,54,55,67,33,29,14,22,547,472,65
 WELSH BLACK , Non Dairy , F ,135,121,118,184,157,166,556,547,566,"1,009","1,029",985,948,578,503,460,436,318,330,216,224,213,175,125,212,143,139,"4,922","4,821",850
,, M ,159,140,139,165,134,164,555,534,556,"1,049","1,037",995,"1,008",632,587,433,475,348,353,255,204,225,228,141,219,136,130,"5,093","5,049",859
 WELSH BLACK X , Non Dairy , F ,77,84,79,100,108,86,186,135,173,304,277,280,271,169,144,146,122,114,105,139,148,109,88,93,106,70,78,"1,787","1,666",338
,, M ,78,69,109,95,111,106,165,154,186,339,251,277,279,170,147,127,137,110,136,124,148,93,96,99,99,80,83,"1,757","1,710",401
 WELSH WHITE , Non Dairy , F ,0,0,0,2,0,0,2,5,6,2,6,2,4,5,4,2,1,5,2,2,4,0,0,1,0,0,2,23,28,6
,, M ,0,0,1,1,0,0,6,3,5,5,5,3,4,3,2,0,3,1,3,1,4,1,2,2,1,0,0,23,27,6
 WELSH WHITE X , Non Dairy , F ,0,0,0,0,0,0,1,1,0,1,0,1,1,0,1,0,0,0,0,0,0,0,0,0,0,0,0,3,3,0
,, M ,0,0,1,0,0,0,0,1,1,3,0,0,2,1,0,1,1,1,0,0,0,0,0,0,0,0,1,6,5,2
 WHITE GALLOWAY , Non Dairy , F ,1,4,2,10,13,16,18,13,18,24,23,37,30,19,21,7,8,1,7,12,8,4,5,3,4,2,5,138,141,36
,, M ,2,3,1,11,12,8,5,10,10,11,23,18,26,18,11,5,7,5,8,16,3,3,9,0,7,2,2,96,121,19
 WHITE GALLOWAY X , Non Dairy , F ,0,1,0,0,0,0,5,2,0,3,0,3,1,4,3,3,0,0,0,1,0,0,0,0,0,0,0,19,7,0
,, M ,1,0,1,1,0,0,3,2,1,0,6,1,0,3,3,2,1,3,1,0,0,1,0,2,0,0,0,17,13,2
 WHITE PARK , Non Dairy , F ,4,6,4,18,26,34,59,61,52,67,46,43,58,35,28,39,38,56,30,12,9,6,7,9,10,5,8,353,327,90
,, M ,9,5,8,26,17,18,60,71,63,48,52,52,52,31,34,32,32,49,39,21,9,15,5,9,9,6,4,358,329,89
 WHITE PARK X , Non Dairy , F ,0,2,6,4,9,4,12,10,18,10,7,8,7,15,5,7,7,11,4,5,5,1,8,4,2,2,3,79,69,28
,, M ,2,1,2,5,9,4,16,13,21,6,8,10,13,9,1,6,11,8,5,3,4,3,2,1,1,0,2,69,70,27
 WHITEBRED S/HORN X , Non Dairy , F ,5,7,14,33,32,30,80,89,138,74,90,68,79,25,42,18,17,14,9,25,4,16,22,20,15,3,9,381,415,182
,, M ,6,13,13,31,42,43,87,77,125,57,90,75,97,25,39,11,37,16,7,24,11,11,20,18,18,3,12,364,463,181
 WHITEBRED SHORTHORN , Non Dairy , F ,2,2,4,0,4,6,8,10,25,35,35,8,15,8,14,7,5,3,3,2,2,6,3,1,1,1,1,81,95,35
,, M ,2,4,3,2,2,1,15,14,20,37,39,8,14,9,8,7,6,6,2,2,1,5,5,0,1,0,2,93,98,24
 YAK , Non Dairy , F ,0,0,0,0,0,0,0,0,0,0,1,0,0,0,0,0,0,0,0,0,0,0,0,0,0,0,0,0,1,0
,, M ,0,0,0,0,0,0,0,0,0,0,1,0,0,0,0,0,0,1,0,1,0,0,0,0,0,0,0,2,1,0
 ZEBU , Non Dairy , F ,0,0,0,1,0,0,0,0,1,2,0,2,2,0,1,1,0,0,0,0,0,0,0,0,0,0,0,6,3,1
,, M ,0,1,0,0,0,0,1,0,0,3,0,0,0,0,0,0,2,0,1,0,1,0,0,0,0,0,0,4,5,0
 Not Supplied , Non Dairy , F ,2,0,0,1,0,0,0,0,0,0,1,1,1,0,3,0,1,0,1,1,2,0,2,1,0,0,0,6,11,0
,, M ,0,0,0,2,0,0,1,0,0,2,0,1,1,0,0,0,2,0,0,0,1,1,1,0,1,0,0,7,6,0
Totals,,,"140,875","140,251","144,849","178,445","178,483","207,303","321,526","323,277","344,527","373,350","386,200","309,904","314,675","224,690","220,504","200,429","201,088","202,639","201,380","204,240","190,605","172,588","180,340","152,212","161,599","134,064","136,241","2,614,962","2,634,643","696,679"
,,,,,,,,,,,,,,,,,,,,,,,,,,,,,,,,
Grand Total of Births 2010 to date:,,,"5,946,284",,,,,,,,,,,,,,,,,,,,,,,,,,,,,
